{
  "SVC": {
    "0": {
      "train_time": 77.90383696556091,
      "pred_time": 12.336392164230347,
      "acc_train": 0.856353591160221,
      "acc_test": 0.8371475953565506,
      "f_train": 0.7142857142857143,
      "f_test": 0.6744771706996605
    },
    "1": {
      "train_time": 77.03265190124512,
      "pred_time": 16.85165786743164,
      "acc_train": 0.8413488114980652,
      "acc_test": 0.8371475953565506,
      "f_train": 0.6775180856983861,
      "f_test": 0.6744771706996605
    },
    "2": {
      "train_time": 76.54225516319275,
      "pred_time": 60.75308799743652,
      "acc_train": 0.8385991099317246,
      "acc_test": 0.8371475953565506,
      "f_train": 0.6876217120601223,
      "f_test": 0.6744771706996605
    }
  },
  "DecisionTreeClassifier": {
    "0": {
      "train_time": 0.29355287551879883,
      "pred_time": 0.005675077438354492,
      "acc_train": 0.9696132596685083,
      "acc_test": 0.8180210060807076,
      "f_train": 0.9635416666666669,
      "f_test": 0.6267885165697407
    },
    "1": {
      "train_time": 0.2919590473175049,
      "pred_time": 0.005927085876464844,
      "acc_train": 0.9737423991155334,
      "acc_test": 0.8172470978441128,
      "f_train": 0.9609791565681047,
      "f_test": 0.6251726360371973
    },
    "2": {
      "train_time": 0.28775596618652344,
      "pred_time": 0.02445697784423828,
      "acc_train": 0.9725239793238798,
      "acc_test": 0.8186843559977889,
      "f_train": 0.964271405340435,
      "f_test": 0.6281802201868814
    }
  },
  "AdaBoostClassifier": {
    "0": {
      "train_time": 1.1949422359466553,
      "pred_time": 0.055236101150512695,
      "acc_train": 0.850828729281768,
      "acc_test": 0.8576008844665561,
      "f_train": 0.6944444444444444,
      "f_test": 0.7245508982035928
    },
    "1": {
      "train_time": 1.2019667625427246,
      "pred_time": 0.08159589767456055,
      "acc_train": 0.8559977888336098,
      "acc_test": 0.8576008844665561,
      "f_train": 0.7159026598754953,
      "f_test": 0.7245508982035928
    },
    "2": {
      "train_time": 1.2134180068969727,
      "pred_time": 0.24845600128173828,
      "acc_train": 0.8576167178041297,
      "acc_test": 0.8576008844665561,
      "f_train": 0.7317528467425798,
      "f_test": 0.7245508982035928
    }
  }
}